bad_ind,fico_score,dti_hist
1,672,1.18074191
0,767,0
0,633,1.749230769
0,725,1.703626811
1,787,0.142142857
0,708,1.45575
0,807,2.088405797
0,762,0.222857143
0,742,3.6585
0,720,0.269649123
1,640,1.780151107
0,733,0.095
1,671,0.105
0,781,1.0156
0,719,0.608129817
0,701,0.445
0,712,0.187787074
0,585,0.4958
0,682,0.342000489
0,739,0.990363636
0,737,0.190431789
1,651,0.296832579
0,641,-1
0,803,0.111578947
0,673,14.81625
0,718,5.704166667
0,683,1.782659867
0,689,0.714425622
0,715,3.490769231
0,730,0.08625
0,806,0.152099924
1,610,0.238706366
0,707,7.9696
0,653,0.71398374
0,691,0.0534
1,682,0
0,639,0.457419355
1,708,0.102379236
1,739,1.73445887
0,656,2.899968336
0,766,0.505058526
1,607,0.376190476
1,699,0.195
1,686,4.565253858
1,679,0.3725
0,654,0.206334608
0,660,0.365862913
0,703,5.238
0,793,0.483359613
0,748,0.577
0,681,0
1,638,0.613962264
1,689,2.45974026
0,610,2.826717739
0,608,0.456111111
1,575,2.652278159
0,770,-1
0,648,1.076933333
0,768,0.188064516
0,681,-1
0,737,0
0,811,0.905428571
0,773,0.094760337
0,818,0.245143207
0,656,5.638905289
0,671,0.482156863
0,779,0.283846154
0,654,3.312
0,663,14.8175
0,649,7.117096363
0,664,1.94
0,624,1.623873063
0,723,0
0,731,1.268533333
0,726,9.3603633
0,730,0.605882353
1,612,0.427428571
0,647,0
0,685,3.626370438
0,628,0.0582
0,695,2.12
0,604,2.887066667
1,691,0.164090909
1,686,1.44962406
1,622,1.21140625
1,598,0.466428571
0,625,0.939213331
0,764,0.18775
0,779,0
1,661,0.121333333
0,761,0.705734861
0,662,0.276578411
0,672,1.9434
1,717,0.11414036
1,646,2.549116426
0,708,0.347127146
1,689,1.325263158
1,631,0.788087642
0,690,0.264545455
0,687,0.029522145
0,705,3.8775
0,620,0.453200275
1,580,2.101106399
0,654,2.705528846
0,664,0.977142857
0,737,1.17008
1,603,1.707
1,694,0.886
0,708,0.706875177
1,721,0.1894
0,634,0.697355064
0,628,5.690600747
0,654,2.997666667
0,787,0.603229841
0,693,1.605
0,670,0.837666667
0,598,0.303333333
0,731,0
1,637,4.901480113
0,575,3.70591487
0,683,0.731549634
1,691,14.5085
0,685,1.45
0,678,6.337171158
0,752,-1
0,648,0.0576
0,758,1.763758589
0,679,1.410260256
0,818,0.418
0,760,0.0648
0,758,1.087553969
1,680,2.170714286
0,751,0.993900994
0,737,5.903714286
0,701,0.033310368
0,712,0.8664
0,700,7.48635514
0,719,0.97152
0,718,0.203225806
0,756,0.054666667
0,776,0.078480031
0,674,1.109166667
0,737,0.098339388
0,801,0.07916943
0,657,0.2216
1,642,1.34
0,667,2.078558958
0,667,0.375616438
0,714,0.314430539
0,680,1.3445
0,747,1.21125
0,736,0.304707786
0,711,0.276177618
0,757,0.528479577
1,557,0
1,641,0.328333333
0,748,2.627064142
0,706,6.861063465
0,761,2.249622188
1,700,0.220734147
0,645,0.306777729
0,706,1.0152
0,676,0.740666667
0,681,0
1,636,0.005
0,652,1.643076923
0,659,0.12960013
0,582,1.874017991
0,719,0.053787397
0,696,0.225176471
1,637,3.971904762
0,804,0.384417124
1,676,0.033303994
0,720,0.144038467
1,751,1.699402809
0,684,6.377037037
0,681,1.379537954
0,704,2.191555556
0,650,4.3875
0,673,2.135280854
1,690,0.631812778
1,758,0.680142857
0,741,0.74046455
0,764,0
0,700,7.874
0,659,0.849758787
1,615,0.749287628
1,745,1.115217391
1,658,0.412124485
0,714,3.108198759
0,641,0.523151606
0,680,0.381256707
0,620,1.243305785
0,640,0.040781314
0,716,3.951501155
1,644,2.117826087
1,609,3.444603445
0,720,1.714615385
0,725,0.6416
0,772,0.521034483
0,768,0.592671756
0,729,2.546086957
1,627,-1
0,713,4.206923077
1,646,0.0512
1,713,0.335077181
1,688,1.048369565
1,609,3.851666667
0,702,0.598666667
1,712,2.490175006
0,610,3.043010753
1,610,0.137956406
0,661,13.30368421
0,687,1.052083333
1,620,0.102580645
0,659,5.147619048
0,747,0.366143883
0,779,0.188235294
0,713,0.58939759
0,699,0.965376154
0,706,0.708888889
0,658,0.0432
0,803,0.126462646
1,668,0.428125
0,569,1.175746269
0,736,1.974
0,716,0.007692308
1,623,0.197004608
1,642,0.976666667
0,761,1.748688047
0,641,1.880382775
0,670,0.26475
0,771,0
0,761,1.005862069
0,789,0.201359839
0,725,0
1,642,0.164473684
0,749,0.070512821
0,665,0.0762
1,625,-1
0,669,1.446785714
0,719,1.692520562
0,704,0.040338983
0,575,0.225
0,692,0.28912
0,670,0.330533817
0,654,2.400001959
0,654,1.372004222
1,644,1.212777778
0,710,0.051578947
0,704,0.003323075
0,745,0.057419355
0,660,0.588753412
0,753,0.586875
0,729,0.488133333
0,608,1.168571429
0,761,0.095400095
0,790,0.200155184
0,760,1.619148936
0,717,0.70216
0,703,0.6364
0,525,0.950792589
0,800,2.250378378
0,783,1.141614907
0,700,0.196666667
1,703,0.613908533
0,634,0.299055822
0,726,3.312352941
0,735,0
0,671,0.014875
0,654,0.096361849
0,677,0.871439826
1,652,0.125818182
0,689,0
0,685,0.8252
0,635,2.784
0,763,1.974636617
0,701,0.922735871
0,614,0.102105263
0,656,1.726285714
0,702,3.001793996
1,693,0.697735478
1,729,2.102
0,646,5.696656535
0,710,0.347142857
0,772,0.2298
0,698,5.73675
0,733,3.088333333
1,690,0.386363636
0,721,1.099344262
0,792,0.44
0,693,0.053136009
1,610,0.587105263
0,684,0.026941908
0,689,8.200297429
1,609,0.336804734
0,714,3.519285714
0,662,0.536177879
0,710,0.059
0,657,5.983829787
0,685,1.01999949
0,702,2.968095238
0,695,0.508
0,687,4.391666667
0,663,2.162
0,618,0.1304
1,676,0.235384253
0,722,0.270661157
0,758,0.120666667
0,642,1.654666667
0,713,1.684042553
0,626,0.24934851
0,689,1.036938737
0,749,0.0192
0,654,1.444817128
1,586,0.671367714
0,668,0
0,612,1.621647059
0,714,0.839424691
0,759,-1
0,626,6.777408638
0,762,0.23352381
1,603,2.679333333
0,659,7.668487395
0,731,1.211679479
1,680,2.742899451
1,580,0.2748
0,725,5.721016166
0,714,1.22790956
1,619,0.209953052
0,766,0.642712736
1,765,0
0,751,0.262
0,787,0
0,684,0.508507463
0,828,0.30421391
0,705,2.866
0,635,0
0,646,5.687428571
0,668,2.9163
0,721,1.745583019
0,712,0.5295
0,721,0.0825
1,631,0.225560538
0,745,0.2894
0,756,0.262368042
0,732,3.233357826
0,717,2
0,675,5.19872
0,679,0.390294118
0,681,0.594856834
0,636,2.166153846
0,682,0.65213973
1,605,3.432603433
0,730,2.741374137
0,692,4.393207547
0,740,2.53275
0,714,2.115363636
0,708,0.246
1,679,1.502325581
0,666,1.024
1,699,0.911333333
0,669,1.3216
0,631,4.834444444
0,691,9.016789695
0,704,1.071001071
1,596,0.280166667
0,719,0.9457422
0,803,0.100500101
0,671,0.007201646
0,759,1.506122449
0,668,0.654769231
0,756,1.327878788
1,584,4.796190476
1,606,6.036666667
0,569,0.13404865
0,720,3.850588235
0,712,7.162857143
1,716,1.327674419
0,717,0.201538462
0,639,0.493395824
0,765,0.110249945
1,641,0.141258389
0,635,0.204828983
1,657,0.116
0,720,1.310771751
0,727,0.147219584
1,617,1.768221177
0,724,0.758128543
0,722,2.733793103
0,651,0.0895
0,644,5.160860098
0,649,7.415351846
1,609,0.6
0,676,2.569
0,690,0.588096363
0,760,1.07804301
0,633,0.531819149
0,648,3.739657751
1,698,0.97565663
0,649,1.4992
0,670,0.298465986
1,675,0.893196696
1,693,0.3188
0,670,-1
0,715,1.004
0,676,0.5136
0,670,2.235654118
0,664,0.181176471
0,623,0.704100704
0,697,3.366076532
0,646,0.181607598
1,621,0
0,702,0.484631579
0,778,0.301879373
0,709,0.888960356
0,632,0.43283287
0,775,0.517241379
0,789,0.011428571
0,744,0.031304293
0,673,0.361071429
0,701,-1
0,768,5.484666667
0,705,2.293965517
0,771,0.65
0,725,2.289838188
0,675,4.031860465
0,785,0
0,643,2.507728413
1,628,0
0,781,2.598888889
1,706,1.596578947
0,706,0.4532
0,746,9.743333333
0,609,0.616192832
0,658,0.473026316
0,751,-1
0,795,0.452850293
0,693,3.802272727
0,717,0.109151991
0,638,2.030333333
1,665,1.989000796
0,720,0.666899667
0,671,0
0,732,0.396833773
0,737,0.009689049
1,721,1.432
0,705,1.461333333
0,633,0.056700057
0,738,0
0,639,7.096363636
0,698,0.588362069
1,626,1.296441718
0,690,2.570466914
0,717,5.828857143
0,683,2.758533894
0,762,0.498269231
1,653,0.663474692
0,724,0.00082
0,641,4.411327094
0,796,0.033157912
0,739,0
0,643,0.1768
1,683,0.95
0,717,0.267176785
0,697,4.547
0,638,0.281785714
0,695,4.453695159
0,705,0.699683723
0,692,-1
0,691,2.33531746
0,704,0.1655
0,795,0.702857143
0,642,0.61777324
0,647,4.2298
0,758,0
0,749,6.06025
0,730,1.454827586
0,778,0.773181818
0,681,0.3716
0,668,1.004583333
0,761,0.9972
0,694,0.125
0,789,0.243428571
0,755,0
0,728,2.110877193
0,659,2.058782609
0,695,0.081333333
0,786,0.027941176
0,725,2.95754386
0,780,0.405363636
0,720,2.791596112
0,790,-1
0,751,5.289714286
0,680,0.842100842
0,681,5.3905
0,648,0.037495168
0,680,0.434769231
0,691,1.778558477
0,645,2.77
0,797,0.896701754
1,685,2.318933333
0,674,1.141590909
0,690,2.986444444
1,515,4.5615
0,684,0.009019608
1,703,0.776832124
0,645,1.491772281
0,643,1.145714286
0,665,0.43474236
1,614,5.532830189
0,771,0.003542857
0,654,1.796440678
1,712,0.117
0,707,0.301818182
0,777,0.004315789
1,706,0
0,649,0.286363636
1,649,3.29568956
0,697,1.868952381
0,644,1.019346196
0,758,1.848175826
1,598,1.196666667
0,618,0.079080492
0,722,0
0,778,2.377142857
0,788,0.125307789
0,662,0
1,602,0.548308114
1,588,0.778666667
0,757,0.939512195
0,765,0.161571659
0,711,3.8564
0,719,0.171927398
1,654,1.459305617
0,730,1.06923698
0,761,0.72321086
0,732,8.196185286
0,771,1.973400789
0,806,0.958500959
1,660,0.117209302
0,714,0.805345293
0,777,0.3454
0,720,0.541200541
1,587,5.694532404
0,700,1.103333333
0,643,0.319320128
1,649,6.213466318
0,753,2.57558437
0,765,0.0227
1,681,0
1,552,0.000507042
1,664,0.454074587
1,653,0.416551724
0,790,0.002896936
1,677,0.985490196
0,715,1.425155227
0,665,0.4136
0,742,1.397297297
0,683,0.007565224
0,607,0.058153846
1,793,0
0,596,0.419148936
0,702,0.341768849
0,683,3.771333333
1,635,3.801862574
0,736,1.224242424
0,760,1.3328
0,709,2.044983357
1,638,0.144029958
1,606,0.212658093
0,734,5.76975
1,763,1.467640095
0,717,0.108937778
0,606,1.090037156
0,674,0.340319728
0,820,0.253963821
0,726,0.249333333
0,649,0.001098143
1,715,1.292951378
0,739,5.235555556
0,680,1.441269841
1,755,0.818
0,634,1.242916379
0,791,0
0,637,1.3096875
1,713,0.057692308
0,686,2.59
0,729,0.18173913
0,612,1.146341463
0,721,0.907936508
0,796,0.45296
0,703,0.204333333
1,685,1.2032
0,691,7.644027778
1,642,0.138878505
1,686,1.272941176
0,657,0.845294118
0,718,3.999005713
0,697,4.982692308
0,644,0.211199578
0,700,2369.745958
0,644,0.153676471
0,754,2.604477916
0,617,0.06198534
1,621,1.10537206
0,754,0.90875
0,781,0.200352941
0,811,0.092666667
0,748,3.644888889
1,696,1.0808
0,655,0
0,679,0.9318
0,656,0
1,612,0.097501358
0,737,0.456333333
1,646,1.045287638
0,666,0.498333333
1,683,0.368343883
0,711,2.960740741
0,677,1.305
0,606,1.9862
0,583,1.144836504
0,797,1.077674419
1,672,0.255586207
0,728,0.13666
0,758,1.723333333
0,807,0.049269824
0,650,6.761875
0,713,1.281371429
0,643,-1
0,808,0.051085656
0,706,0.90097561
1,653,0.154642857
0,662,0
1,531,0.263013843
1,639,0.716525562
1,679,0.51452276
0,690,1.125765347
0,675,0.62367635
1,693,0.561714286
1,627,0.326122863
1,631,1.005176471
0,728,1.885066667
0,685,5.9576
0,665,3.416720955
1,653,0.471171171
0,717,0.808709677
0,622,0.904263566
0,705,3.04
0,706,0.644505495
0,665,0.323723106
0,742,0.177076923
0,668,3.981075096
1,689,2.322857143
0,730,0.754337997
0,771,0.362386281
0,792,0.06065459
0,681,0.831
0,699,0.945272384
0,719,0.937713903
0,742,0.732
0,764,0.293076923
0,718,0.602700603
0,803,0
0,740,3.0594
0,658,0.575
0,715,0.572
0,719,0.899411765
0,828,0.17186429
0,720,3.8085
0,681,1.333715048
0,638,0.026818182
1,676,0.716
1,665,1.05000089
1,649,0.2465625
1,601,-1
0,700,1.234644365
0,769,0.613770492
0,656,1.60105042
0,633,5.555
0,735,1.50213534
0,717,0
0,813,0.613370728
0,680,0
0,780,0.396875
0,650,0.297739522
1,697,0.557692308
0,749,0.221344142
0,703,0.2332
0,729,0.88128
1,666,0.553333333
0,771,0.692100692
0,721,0.104571578
0,680,1.138
0,760,0
0,692,0.013158624
1,683,1.254857694
0,694,1.6744
0,599,0.836539105
0,690,2.398558081
0,794,0.972844522
0,803,0.633788807
0,617,1.201123499
0,707,4.10048
0,651,0.788057593
0,712,1.842659884
0,660,0.7
1,712,1.685258621
0,671,-1
0,672,3.83168
0,796,0.389294576
0,790,0.002321429
0,674,2.150514742
0,773,0.105900106
0,706,4.21612085
1,716,0.2228
0,762,5.958116319
1,622,3.736795729
0,689,3.500080204
1,604,0.117814242
1,652,0.195192308
0,681,2.415431165
0,740,0.050286911
0,681,4.770780856
0,779,0.274285714
0,693,0.015466667
0,763,2.167802168
1,625,0.182336922
0,719,0
0,741,2.093685312
0,726,0.403680646
0,644,1.143214286
0,791,1.687752809
0,727,0
0,813,0.088506787
1,637,0.263118158
0,619,3.453824461
0,717,2.33976
0,687,10.363
0,690,-1
0,759,0.2636
0,672,0
0,802,0.5244636
0,756,2.183055556
0,677,6.169707235
0,683,2.6222
0,765,0.48643855
0,751,0.139679955
0,684,1.470228559
1,644,0.45
0,549,1.444722222
0,723,1.383309868
0,716,0.978148148
1,635,0.406
1,638,0.086512821
0,674,1.661319971
0,666,2.046613333
0,710,5.157714286
0,731,0
0,593,0.2525
1,702,10.0688
0,692,2.133477322
0,680,8.462545455
0,691,13.38875
0,809,2.189473684
0,731,0.925384615
1,529,0.51375
0,703,7.0105
1,549,0.443333333
0,635,2.13
1,689,1.387656129
0,711,0.935714286
1,705,0.661
0,801,0
0,764,0.261666667
0,705,4.516100509
0,726,8.199411765
0,692,2.130718295
0,742,2.9625
0,647,4.904762059
0,698,5.942807018
0,701,3.897790753
1,650,0.0456
0,722,1.498375139
0,723,0.440258065
0,682,2.323884684
1,664,0
0,666,5.564943431
0,812,0.111247243
0,669,0.242666667
0,711,0.631868132
0,614,0.480161548
0,707,2.174439204
0,705,3.681947627
1,532,0.598691345
0,687,5.475
0,712,3.85404502
0,643,0.067369643
0,603,0
0,708,2.198272647
0,739,0.063300063
0,694,0.067764706
0,664,6.344444444
0,647,3.529782609
0,639,-1
0,675,2.896048552
1,624,0.788235294
0,773,1.460915121
0,676,2.5584
1,708,0
1,753,0.19105243
0,678,0.599
0,753,1.540798767
0,788,0.096941176
1,738,0.837272727
0,803,0.0813
0,754,1.691996616
0,653,0.303214286
0,675,0.073076923
0,785,0.534784666
0,669,2.499217074
0,756,0.228872894
0,697,2.153584906
1,673,2.694860993
0,633,3.096511628
0,721,0
0,585,0.993333333
1,626,0.3114
1,650,0.077251908
0,716,0.918285714
0,655,0.93315731
0,742,-1
1,605,1.6964
0,682,0.448148148
0,777,0.484199032
0,684,0.427688011
0,686,0.134100134
0,783,0.24930127
0,645,1.899565217
0,661,0.350159617
0,657,0.779910714
0,670,0.739333333
1,699,1.16256
0,669,1.505882353
1,686,2.681778742
0,700,0.197333333
0,663,6.060882353
0,696,0.29753762
0,707,2.1136
0,670,0.276111111
0,771,0.176561807
0,703,-1
0,797,0.004672131
0,703,0.565882353
0,788,0.023529412
0,631,0.654
0,676,4.832444444
1,667,0.2436
0,740,2.049166667
0,794,0.402149799
0,691,-1
0,753,0.2196
0,772,1.009201009
1,696,2.207405265
0,761,1.2352
0,690,0.4875
0,736,0.117960047
0,732,0.478615753
1,640,0.0396051
1,520,4.821142857
0,696,3.07
1,645,11.77641335
0,792,0.10375
1,588,3.888235294
0,710,0.542643392
0,789,0.130615485
0,798,0.10925
0,752,3.963366341
1,642,0.62918239
0,674,1.072187044
1,713,0
0,686,4.567924104
0,648,0.68
0,671,0.166653536
0,654,0.532509404
1,683,1.112894641
0,682,1.312171631
0,686,1.0515
0,772,1.48800192
1,659,5.66754717
0,673,2.3453125
0,677,53.47777778
0,662,0.48531468
0,542,0.686607502
0,650,2.964
0,586,1.284471853
0,724,0.774850299
0,774,0.511659792
0,679,0
0,696,0.355529412
0,673,0.714594595
0,744,0.1036
0,567,5.383419689
0,793,0.355
0,736,3.556530612
0,620,29.762
0,820,0
1,633,3.246903247
0,751,2.781142857
1,669,0.255789474
0,762,0.375769231
0,682,8.1696875
0,542,0.821626617
1,674,1.8175
0,580,0.015149102
0,746,0.825733333
0,820,1.647142857
0,713,2.038577291
0,699,0.823287268
0,688,1.89259306
0,752,1.144
0,776,2.135504037
0,728,4.356857143
0,742,0.651264417
0,644,4.804
0,570,0.160666667
0,734,0.170519966
0,688,0.022285714
0,729,5.134571429
0,684,4.964840015
0,702,0.581142857
1,707,0.5862423
1,702,0.547368421
1,647,0.17691358
1,650,0.934666667
0,734,6.134994423
0,730,3.720372963
0,689,0.215640086
1,654,1.607738095
0,750,0
0,620,2.067733333
0,723,6.624683521
0,681,0.148799926
0,766,2.210179809
0,649,1.203538462
0,693,1.230695385
0,648,5.430642812
0,686,0.113677639
0,656,0.827396349
1,612,1.45320083
0,697,6.732941176
0,715,15.126875
0,675,5.009230769
0,744,1.408384615
0,813,0.318171065
0,753,1.043089431
0,660,1.386764774
1,642,0.713398573
0,645,3.643529412
1,752,1.564
0,737,0.9024
0,669,-1
0,705,0.56106383
0,750,-1
0,574,1.903636364
0,588,3.040061955
0,777,0
0,721,0.895142857
0,755,2.061111111
0,685,4.726721038
1,627,0.534772727
0,668,-1
0,742,0.854888889
0,725,0.975744156
0,702,1.565416667
0,662,1.390746269
0,701,7.305984472
0,801,0.3718
0,698,3.1075
1,602,0.446842105
0,634,3.549634689
0,647,0.91059693
0,700,0.024969549
0,718,0.504480202
0,722,2.996
0,708,5.068133333
0,656,-1
0,706,0.0076
0,674,0.307
0,776,0.778499027
0,788,0.110169492
0,807,0.521880957
0,795,2.91383812
0,675,11.03967164
1,705,12.03101789
0,672,1.271397457
0,781,0.0944
1,653,0.629428571
0,702,1.0548
0,629,0.394661669
1,720,0.244734931
0,698,5.063308499
0,711,1.63184438
1,625,0.735483396
0,600,3.135179487
1,606,0.39484428
0,630,0.0734
0,610,0.061529412
0,695,0.429457364
0,743,2.278802279
0,781,0.369212121
1,727,-1
0,600,5.120829554
0,670,0.231276596
0,653,0.45862069
1,660,3.246190476
0,560,0
0,751,0.467880795
0,759,0.98529352
1,691,1.504032764
0,716,7.1148
0,606,0.288000524
0,733,1.567024334
0,710,0.963666667
0,806,0.977042802
0,742,0
0,696,0.231804652
0,816,0.229894495
0,660,0
0,630,0.958730159
0,721,4.722352941
0,776,0.191382901
1,583,0.088684211
1,649,1.812040816
0,739,1.873714286
0,709,1.449943686
0,712,1.60875
0,715,0.185491588
1,671,2.049
1,780,0.067384615
0,717,2.274583333
1,698,1.255517241
0,647,0.824182418
0,648,2.775902277
0,690,0.143460803
0,695,0
0,649,0.725714286
1,660,0.6315625
1,738,5.814905815
0,685,0.587944587
0,687,2.217514183
0,765,0.292852686
0,640,4.2795
0,650,6.9624
0,543,0.947916667
1,659,0.302736842
0,785,1.389166667
0,762,0.576885246
0,710,0.073870091
1,551,0
0,652,0.0968
0,737,0.398242196
0,688,5.230704473
0,764,1.696166667
0,657,8.84051701
0,708,5.798888889
0,786,1.011000778
0,709,0.753462987
0,779,0.971809524
1,663,0.110150376
0,672,0.056163999
1,695,1.664510301
0,739,2.037328629
1,638,0.07734375
0,770,1.433333333
0,668,0.74375
1,643,0.702647019
0,603,0.734506302
0,775,0.2232
0,780,0.131833333
1,664,0.756
0,775,0.50953271
0,557,2.225014085
1,647,0.084266667
0,698,2.0248
0,741,0.5396
0,721,0.59828
1,638,3.29554474
0,804,0.473484848
0,617,2.4956
0,673,1.076296614
0,663,0.00787499
0,763,0.907714286
1,607,2.880746399
0,752,1.175780895
0,704,0.2464
0,705,0.357687793
1,604,0.573405405
0,690,0.102666667
0,662,-1
0,706,0.5876
0,736,1.078133333
0,674,1.547195938
0,721,2.149230769
0,672,1.509810229
0,690,-1
1,548,0.505179047
1,648,0.015750916
0,683,1.0864
0,712,0.967872155
0,701,0.35664
0,761,3.162990196
0,752,4.374819672
0,740,0.535439572
0,705,1.766346154
0,688,1.9554
1,558,2.070001592
0,765,1.625701626
1,599,0.21312
0,684,0.504000761
0,735,2.788307692
1,625,0.317995444
1,649,0.366112931
0,681,10.02052632
0,507,0.144066667
0,730,1.473062679
0,676,2.003654853
0,699,0.0434375
1,673,2.226831683
0,718,4.966731614
0,731,4.128148148
0,664,0.4748
0,679,1.5104
0,664,2.032756188
0,549,5.071729759
0,637,0.097415091
0,719,2.148372093
0,792,1.322532595
1,776,0.003333333
0,553,0.700154385
0,690,-1
0,580,1.190603628
1,678,2.994122763
0,724,0.932760373
0,580,0.897263562
0,735,0.528979592
0,683,3.0458
0,807,0.130751174
0,782,0.233866667
0,625,0
0,724,0.254215416
0,634,0
0,736,2.318022979
0,726,0.763372093
0,709,0.329461538
0,681,0.026818182
0,693,0.8604
0,687,0.344672131
0,724,2.568233463
0,668,0.221280354
0,811,0.486631067
0,595,0.907741935
1,612,0.425
0,700,0.44525
0,773,3.8606
0,741,0.713642857
0,670,2.494444444
0,726,0
0,558,4.016
0,726,0.377455232
0,575,1.689333333
0,643,1.573310235
0,699,1.451904762
0,645,4.137333333
0,709,4.492428571
0,709,0.245020398
0,724,0.260142857
0,681,2.82230335
0,607,4.887931034
1,647,2.29
0,727,1.7908
0,681,0.054545455
1,651,2.12774769
1,678,1.037141672
0,730,0.033
0,760,0.961647059
0,782,3.155076923
1,706,0.117876002
0,720,0.623363095
0,716,1.79957964
0,699,1.214303576
0,699,3.996578067
0,739,1.121
0,691,2.477
0,778,5.813195474
1,682,0.192353167
1,778,0.001
0,657,2.311
0,608,1.791693686
0,648,0.681166667
0,720,1.068571429
1,604,0.82
0,570,0.869921626
0,726,1.0915
0,680,0.245
0,708,0
0,802,0.066666667
0,670,6.872704637
0,751,0.487199026
0,777,0
1,705,0.0368
0,744,0.860138889
0,777,0.024774194
0,777,4.1655
0,690,0.169499966
0,688,4.159125
1,548,3.279211943
0,682,-1
0,607,0.962882954
0,654,0.674347826
0,763,0.337846414
1,650,0
0,661,0.520421053
0,628,0.967962963
0,534,0.414833333
0,743,0.646605253
0,605,2.999402999
0,666,2.511
0,594,0.749838648
0,752,0.83641841
0,607,0.476299979
0,727,8.32516129
0,681,0.282666667
1,683,-1
0,688,6.937549964
1,622,1.400966299
0,777,0.210909091
1,615,0.636875
0,602,2.785263158
0,818,0.200603622
0,690,5.574463254
0,629,4.189485214
1,605,0.651
0,708,0.068241833
0,747,0.40056016
0,652,1.988875
0,727,0.675
0,638,1.715833333
0,680,0.676111111
0,722,0
0,754,-1
0,673,3.478222222
0,804,0.455076643
1,654,0.096
0,678,1.724202376
0,677,2.031854264
0,664,2.204137931
1,642,0.47725
0,751,0.80962963
0,689,1.764303656
0,716,2.147333333
1,620,2.496875
0,748,1.593856004
1,702,0
1,627,3.224393551
0,633,1.923636364
0,728,0.5344
1,714,6.02
0,735,1.78703876
0,724,1.274137069
1,651,8.854726935
0,614,2.160289855
1,672,2.091320755
1,626,3.68
0,716,1.770416667
1,781,-1
0,732,0.280850914
1,696,2.307
0,732,0.261000104
0,688,0.565866667
1,713,0.072674419
0,750,10.85307548
0,713,0.280373832
0,802,0.013650794
1,678,0.065555556
0,673,0.134134293
0,655,1.060543877
0,818,0.280235294
0,750,1.306268773
0,738,1.464222222
0,647,10.13347413
0,778,0.674270999
0,717,19.63764706
1,711,0.018823529
0,685,1.107928078
0,799,0
1,639,0.005279996
0,646,0.1925
0,730,1.176190476
0,643,2.320842572
1,662,0.000880733
0,676,3.190308062
0,702,0.064375
0,778,0.321551283
0,666,0.18784428
0,759,0
0,737,0.056260455
0,718,0.493440197
0,636,8.4048
0,808,0.009374988
1,708,0.1864
0,640,0.359279713
0,803,0.136130969
0,670,5.489353389
0,611,0.1384
0,604,3.186628225
1,665,0.13173516
1,647,0.324969865
1,733,0.576158198
1,684,2.249254561
0,748,0.656774194
0,703,0.0826
1,661,0.31177335
0,708,0.344571429
1,491,0.643884978
0,709,1.186585875
0,771,0
0,707,1.842666667
0,595,0.289552239
0,635,3.331838565
1,646,0.6102
0,709,0
0,677,4.83847487
0,616,0.631501579
0,744,0.018653846
0,722,7.567164179
1,760,0.65965752
0,784,0.710263158
0,623,2.193607306
1,661,2.851415119
0,658,4.465090909
0,758,1.140424066
0,747,0.42480068
1,601,0
0,601,0.016388889
0,666,1.114154703
0,691,2.129996723
1,712,0.037333333
0,754,0.525
0,713,1.1208
0,783,0.16799664
0,775,0.111162791
0,689,2.019961949
0,715,0.858548387
0,621,0
0,749,1.454513889
0,608,0
0,622,0.135818058
0,844,0.26
0,675,0.092700093
0,634,1.861734349
0,763,0.161363636
0,754,1.084920434
1,689,0.0008
0,702,2.637179487
0,744,2.2916
1,653,0.176923077
0,693,0.0576
0,712,0.855955204
0,606,0.749892473
0,797,-1
0,603,0.324444444
0,655,0.54421504
0,720,0.7488
0,595,1.455865399
0,680,0.494768926
0,627,1.742063589
0,767,0.274231463
0,733,10.07799376
0,793,0.357599714
0,615,0.113636364
0,709,0.338138138
0,763,1.635762171
1,648,0.110571587
0,736,0.329152542
0,664,0.28358209
0,568,0.505818182
1,660,0.32116387
0,741,0
0,655,0.352
0,765,3.82
0,745,0.25256
0,760,0.136442186
0,701,0.149333333
0,774,0.268216506
0,626,0.288272465
0,756,3.029166667
1,674,2.278405737
0,733,1.988471524
0,702,5.05015873
0,708,0.572
0,779,0.00375
0,716,0.550309278
0,639,3.40948814
0,715,1.390490566
0,641,0.452647059
1,620,1.462896597
0,710,0.83799443
0,676,2.996828826
1,618,0.516909091
0,669,0.1534
0,754,0.006015795
0,742,1.292638966
0,670,4.267636364
0,717,0.022142857
0,782,0.102545417
0,780,0
0,700,1.947
0,649,5.582285714
0,677,4.648571429
0,678,0.645301205
0,763,0.2392
0,790,0.385846154
0,723,0.178945134
1,678,0.1975
0,670,0.11978022
0,659,0.046909091
0,691,2.766965957
0,713,2.041761644
0,809,0.384736842
0,684,2.433114754
1,692,0.108960174
1,652,0.006
1,722,0.24825419
0,686,2.44020244
1,633,4.38
0,728,0.006514278
0,694,0.811139651
0,650,0.456678872
0,648,0
0,795,0
0,660,3.958285714
0,762,1.660625
0,766,1.10041841
0,591,3.661714286
1,714,0.311489124
1,708,0.603014007
0,729,0.055375
0,727,8.763
0,694,2.3888193
0,741,1.945666667
0,605,1.129375
0,693,0.081967213
0,797,0.526363636
0,565,0.91776
0,725,6.52
1,688,0
0,663,1.797261905
0,663,0.96448
0,642,0.451505772
0,638,1.03877193
0,765,2.519981468
1,677,2.289259259
0,764,0.492333333
1,650,0.284761905
0,675,1.827062275
0,604,4.467352993
0,677,3.927652174
0,683,1.630288462
0,691,0.107563715
0,751,0.279512299
0,717,3.661161574
0,762,0.437615894
0,701,2.271875
0,569,0.260571801
0,701,0.2005
1,707,0.025714286
0,757,0.405257374
0,775,0.023321538
0,782,0.174210526
0,654,2
0,672,2.426678711
0,693,0.591521739
0,644,3.422592593
0,667,1.5091
0,674,3.114461538
0,702,3.02
0,664,9.151489362
0,694,8.192666667
1,662,0.205699983
0,654,0
0,744,1.085556402
0,622,3.584568222
1,702,1.525964746
0,701,0.194047619
0,787,0.156783217
0,735,3.690769231
0,718,1.45153932
0,642,5.0975
0,658,5.105652174
0,749,2.13
0,696,0.2715
1,674,0.260281518
0,763,0.360273644
0,705,0.041186213
0,684,3.5435
0,772,0.362710145
0,793,0.109
1,681,0.9676
0,713,0.4904
0,758,0.150810974
1,657,2.271644132
1,713,1.406956522
1,677,0.135895294
0,719,5.609458625
0,717,0.095985294
0,727,0.312222222
0,677,1.422478862
0,632,2.017868852
0,747,0.397555556
0,729,1.65375
0,585,3.021636364
1,628,1.640444444
1,683,343.1818182
0,795,0.884444444
0,711,1.65
0,579,1.951142857
1,754,0.950796379
0,511,0.932413793
0,644,1.9226
0,784,0.782400782
0,731,0
1,620,0.674
0,729,0.591391325
0,583,0.327627119
0,673,0.95125
0,725,4.16448
0,715,1.863358509
0,673,0.665367721
0,538,0.58
0,721,0.996312791
0,683,0.1486
0,777,0.736944444
0,763,7.982666667
0,806,0.029090909
0,796,0.165325752
0,638,0
0,784,0.170714286
0,782,0.090642202
0,657,1.478666667
0,696,0
0,708,6.78875
0,722,1.700547945
0,686,0.034
0,692,2.081714286
1,677,4.150288066
0,767,0.071170668
1,673,0.374400374
0,781,0.336
0,678,0.484666667
0,682,1.589615385
0,711,1.317602108
1,684,0.011158138
0,725,0.27362069
0,624,2.120517742
0,702,0.628200251
0,680,0
0,738,1.676743815
0,771,1.024287178
0,706,1.143636364
1,603,2.071666667
0,633,3.672222222
1,624,1.168685714
0,713,0.307765068
0,600,0.723265306
1,650,9.965866667
0,716,0.065040026
0,700,6.346166667
0,769,0.144888889
0,778,0.338105111
0,728,0.162113085
0,706,5.223234787
0,675,1.163294118
0,693,3.769870288
0,700,0.993866667
0,614,1.058571429
0,742,3.533417075
0,713,2.8526
0,784,0
0,627,0.063409091
0,688,1.523260601
0,648,0.742349629
0,777,1.978545455
0,646,0.033562458
0,731,0.205454545
0,775,0.548
0,766,5.821805822
0,714,0.54816391
0,618,0.812256825
0,667,1.845474656
0,646,2.139
1,578,0.55725
0,686,1.7915
0,646,0.947795968
1,615,2.099038462
0,615,1.03802521
1,620,0.101123596
1,667,2.12238806
0,711,5.343007633
0,743,6.199375078
1,696,1.004451039
0,667,-1
0,675,3.502105263
0,690,2.015395181
0,668,3.527757982
0,689,0.319466667
0,766,0.658076923
0,652,0.762272034
0,722,0.719027804
0,706,0.248
1,582,0.503520806
0,670,3.296611562
0,728,0.388764477
1,689,2.482300384
1,581,0.371891892
0,684,1.028770022
0,730,0.072
0,662,3.771324091
1,664,1.07668817
0,780,-1
0,744,1.630524056
0,660,0.051818276
0,789,0.025320119
0,615,0.593890045
0,705,0.760521739
0,715,2.248545455
0,754,1.58
0,600,0.517
0,680,0.072237595
1,750,2.252158198
0,604,1.0955
0,648,0.764561404
1,631,0.061058895
0,702,0
0,733,1.161351856
0,667,0
0,737,0.253826308
0,721,1.3515
0,665,2.932727273
0,763,0.068639945
0,803,0.270816699
0,742,0.746256238
1,677,0.535546875
0,691,1.63708838
0,693,11.53583333
0,727,0
0,756,2.57
0,687,0.618666667
1,649,0
0,671,1.00212766
1,646,0.066315789
0,706,6.379931368
0,631,0.772
1,647,0.8490625
1,569,3.214977154
0,640,0.809818182
0,687,2.238073807
1,753,0.493713721
1,632,0.40855795
1,655,0.271176471
0,808,0.027934445
0,706,0.872551889
0,688,1.779375
1,735,0.831818182
0,761,1.4224
0,593,0.426117647
0,647,0.028192
1,754,2.538256455
0,672,1.954
0,802,0.182346109
0,715,2.683
1,667,2.84399675
0,711,2.254171104
0,697,1.218390805
0,663,1.12380305
0,680,0.488202037
0,737,1.772166667
0,783,0.016833333
0,715,7.929677419
0,655,1.896901897
0,641,0.474389364
0,672,0.226
0,659,3.781569362
1,708,0.394559684
0,732,1.799074155
0,588,2.214358974
0,671,1.731679563
0,727,0.000769231
0,683,0.647607664
0,681,2.171142857
1,737,0.741735289
0,751,3.208888889
0,691,0.5942
0,679,1.838246703
0,746,0.573410922
0,708,0
0,700,0.44525
1,709,0.5784
0,657,1.382608696
1,656,0.431181486
0,666,0.655
0,799,0.236509263
1,675,7.874571429
0,652,0.6935
0,728,0.901
0,535,0.170625
0,686,0.6412
0,694,3.889310345
1,725,0.724444444
0,728,0.352331606
0,723,3.369253292
0,646,0.426363636
0,799,0.124357405
1,633,0.225238095
0,742,1.506666667
0,653,0.325420376
0,795,0.166935484
0,703,6.974413988
0,712,0.764533333
0,689,3.2616
0,630,0.478655847
0,742,0.910473389
0,732,3.940294118
0,766,1.241675004
0,825,0.185399629
0,742,6.707
1,591,1.131785714
0,707,1.420153846
1,662,0.343885321
0,640,0.136785714
0,734,0.717948718
1,630,0.834749035
0,607,0.384
0,778,4.4912
0,678,9.6578
0,631,1.199354839
0,758,0.556
0,804,2.140802141
0,739,3.215354846
0,639,3.25078125
0,686,0.374358974
0,762,0.119615385
1,569,4.451733333
0,711,2.76629681
0,742,3.333413346
1,689,0.131463415
1,637,0
0,769,0.024363636
1,664,1.084166667
0,701,4.839333333
0,674,0.092272727
0,705,1.012463768
1,577,3.44
0,725,0.464498473
0,750,1.176375
1,751,2.292941176
0,693,0.046711434
0,746,0.123749845
0,714,1.73734104
0,680,1.3228
0,736,1.39
0,623,1.49826087
0,716,2.193358245
0,790,0
1,654,3.182393635
0,763,0
0,664,0.361
0,662,10.42548775
0,679,0.395594702
1,669,0.089640094
0,666,0
0,667,0.651886792
0,643,3.784
0,691,1.169099415
0,709,1.654152828
0,675,1.731431045
1,605,0.415416667
0,730,0.581143189
0,616,0.544402661
0,701,3.683171279
0,653,2.75
0,638,3.180869565
0,716,0.016504329
0,673,2.783707865
0,760,0.047380952
0,611,0.413279917
0,743,0.019515794
0,669,0.230182237
1,621,0.142578125
0,709,3.15024126
0,764,0.178485506
0,698,1.528318777
0,719,0.218727074
0,725,0.098655785
1,690,1.416136364
0,661,2.241410256
0,800,0.041714286
0,635,1.077586207
0,624,1.104833333
0,589,0.232666667
0,686,0.044528302
0,667,2.202727273
0,622,1.775562513
0,718,0.533
0,669,6.571695509
0,696,0.136666667
0,711,1.43813927
0,688,0.181428571
0,732,10.46262685
0,787,0
0,746,0.874079301
0,685,0.807300202
1,658,0.730841121
0,717,0.277696335
1,569,2.812592593
0,739,0.130909091
0,681,1.283
0,720,2.977529438
1,612,0.172403983
0,685,5.341333333
0,754,2.531011496
0,755,0.041
1,665,0.072096774
0,803,0.158333333
1,730,1.133611111
0,770,0.97
0,705,2.776857143
1,617,1.2584
0,705,0.742630385
0,741,0.095238095
0,792,2.741666667
0,567,1.221818182
0,701,0.01020001
0,772,0
0,686,0.75702956
1,639,0.885428571
0,754,0.117105263
1,671,0.2628125
0,670,0.529178209
0,755,16.0386059
1,700,1.328064516
0,762,10.44963444
0,703,2.141428571
0,675,1.605050233
0,747,1.72875825
0,646,4.954545455
1,745,0.422142857
0,686,0.119123114
0,685,3.929333333
0,725,-1
0,703,-1
0,755,0.438
0,717,0.148555078
0,723,2.320102821
1,670,3.038467446
0,781,0.170971429
0,784,-1
0,608,1.353174603
0,727,-1
0,750,0.7362
1,648,1.224871435
0,681,0.421500192
0,750,2.50300729
0,629,11.9328
0,750,0.501185185
0,700,0.937293336
0,747,1.268186047
1,653,0
0,652,-1
0,739,2.152338966
0,766,0.73
0,670,0
0,783,0
0,803,0.469454545
0,732,2.930401379
0,727,3.315466667
0,722,6.584650535
0,656,1.3452
0,688,0
0,670,0
0,726,0
0,652,0
0,725,1.732051948
1,738,3.557908163
0,753,0.13663554
1,704,0.38590874
0,762,1.114349443
0,787,0.387857143
1,657,0
0,708,3.886
1,608,3.616666667
1,666,2.789444444
0,707,0.103914805
1,718,-1
0,653,0.512
1,645,0.603913043
0,730,1.278586334
0,672,5.675567568
0,705,0.874285714
0,665,1.2585
1,653,0.79
0,696,1.392105263
0,798,0.271304685
0,720,0.047695853
0,762,2.742489451
0,716,0.702445817
1,601,0.16486707
0,711,3.236729627
1,657,0.564078578
1,653,0.160285714
0,821,0.116
0,634,0.254125
1,732,2.998125
0,787,0.255911602
0,753,0.484245856
0,683,3.689043478
0,715,0.440625
0,668,2.823333333
0,654,0
1,770,0.8535
0,728,0.2888
0,656,1.26875
1,665,1.3376
1,644,4.919538578
0,790,2.377159309
0,709,7.044952381
0,712,0.697726217
0,811,0.322560516
0,759,0.146446653
0,773,1.056001056
0,718,0.244159759
0,734,1.778666667
0,684,2.99
0,716,0.309416277
0,788,0.093217391
0,703,1.725945946
0,683,0.23561825
0,765,1.028927692
0,661,2.555217391
0,726,0.571316516
0,753,0.466944444
0,654,1.428571429
0,757,0.136800137
0,749,0.631007752
0,638,0.799666667
0,648,0.023405544
1,688,1.508888889
0,677,1.783108489
0,771,0.175341011
1,717,5.108181818
0,730,1.977777778
1,713,0.167527902
0,785,1.220597015
0,732,3.165117468
0,705,1.342
0,725,0.856493506
0,760,1.22575
1,698,1.248873636
1,651,0.537912831
0,662,10.2544718
0,793,0
0,724,3.808862806
0,705,0.125276753
0,614,0.466
0,672,0.355100813
0,700,3.462198516
0,710,0.274464989
0,764,0.595238095
0,681,0.352799718
1,676,0.127272727
0,688,4.817357602
0,688,3.924117647
0,649,0.579596876
1,623,1.688125
0,718,0
0,645,5.194051343
0,718,3.4895
0,612,1.484750796
0,745,1.538932238
0,691,0.379655434
0,644,1.243096774
0,648,5.606666667
1,586,0.024444444
0,712,0.983799421
0,686,1.139380531
0,765,1.7812
0,711,6.735005181
0,660,0.087878788
0,727,0
0,628,0.453090909
0,711,7.797058824
0,641,3.126429925
1,601,0.569141231
0,605,0.720187275
1,645,3.3975
0,786,0.652
1,647,0.115401396
0,763,0.530027548
1,647,0.2952
0,784,3.668
0,583,2.729402729
0,645,5.9176
0,698,0.539280216
1,609,0.01474284
1,643,0.0275
0,702,1.205066667
0,790,0.151199907
0,660,1.447557471
1,654,0.766857143
0,711,5.1340625
0,782,0.703496508
0,779,0.09600863
0,692,1.717142857
0,681,1.582287975
0,621,1.048704663
0,802,0
0,727,1.009714286
0,646,2.482
0,668,2.700789474
0,793,0.504171717
0,672,3.394444444
0,737,1.0158
0,661,2.538876404
0,714,0.699223301
0,714,0.364135864
0,743,1.3205
0,701,6.776487432
0,698,0
0,675,0.132692308
0,766,0.334679933
0,750,1.176375
0,797,0.234166667
0,717,0.2456
0,665,1.305084313
1,633,0.663272727
0,679,5.961290323
0,644,0.839127883
0,659,0.773529412
0,675,0.276353965
0,629,0.293561119
1,630,2.982706767
0,675,2.38398314
0,772,0
0,771,0.934228188
1,746,0.461400461
0,646,1.657127852
0,795,0.58499883
0,716,0
0,703,6.783741368
1,649,1.087105263
1,720,-1
0,768,0.04816441
0,724,1.441962648
0,763,1.076401076
0,700,0.690374137
0,713,0.169320388
0,717,0.964520282
0,739,0.561774194
0,736,1.446285714
0,753,2.831354412
0,674,0.935555556
0,709,0
0,714,0.02575
0,780,0.005018185
0,683,4.522666667
0,665,1.382389843
0,793,2.752142857
0,786,-1
0,700,0.23643617
0,778,1.73309684
0,749,0.757435897
0,654,1.072
0,748,1.206301206
0,634,0.923339746
0,685,5.252888889
1,656,0.718330313
1,694,2.048928571
0,721,2.592881356
0,663,2.542857143
0,731,3.078920742
0,725,1.34526254
0,535,0.094300518
0,660,0.407
0,654,0.062210461
0,706,1.895466667
0,635,0.31336016
0,674,1.736255444
1,607,0.058380258
0,729,4.276119403
0,723,1.337815811
0,718,2.692166667
0,741,1.53
0,634,2.5
1,641,0.756638246
0,673,0.130963368
0,725,0
0,770,1.537827424
0,654,1.208873239
0,679,4.683461538
0,672,6.4994778
0,685,2.248
0,781,0.013874996
0,704,0.808614141
0,641,0.352614842
0,644,1.345567333
0,768,0.04690154
0,654,0.843101061
0,724,3.0775
1,676,0.906479275
0,619,0.841952507
0,783,0.306363636
0,662,0
0,756,4.606691919
0,608,0.1502849
1,694,3.004705882
0,756,0.285142857
0,653,1.252499105
1,610,-1
1,683,0.403307607
0,686,1.7575
0,766,-1
1,729,0
1,690,1.118
1,638,0
0,686,6.471538462
0,698,-1
0,686,1.376224101
0,753,0.068650984
0,611,0.174666667
0,684,1.881428571
0,740,1.424036223
1,638,0.184146341
0,695,0.051381799
0,683,0.107096774
0,661,1.398484848
0,770,0.306431902
0,696,2.737540193
1,601,1.554054054
0,689,0.5388
0,737,6.466791045
0,809,0.26713198
0,739,2.820717743
0,733,0.4196
0,685,4.67935641
0,655,1.795716851
0,684,6.795769231
0,670,0
0,726,0.365751852
0,707,6.354222222
0,788,0.9446875
0,723,1.362707486
0,752,0.525714286
0,650,1.29027027
0,617,0.688617503
0,670,0.709689741
0,709,1.5264
0,672,3.285370893
0,720,2.198
0,751,-1
0,714,5.473333333
0,774,1.543541093
0,742,1.119753086
0,658,-1
1,647,1.608253968
0,690,0.007165468
0,655,6.524096386
0,747,-1
0,723,1.008333333
0,694,3.560666667
0,690,0
0,690,1.794166667
1,681,0.57312
0,623,2.1964
0,773,0.19144762
0,660,2.644615385
0,671,8.78125
1,694,0.265090668
0,670,4.132045455
0,645,1.909712607
1,648,0.273476766
0,766,1.403998877
0,641,1.669825361
1,677,0.874705882
0,744,0.480193239
0,677,9.559459459
0,711,6.735005181
0,674,0
0,727,1.875747655
1,689,0.078606706
0,643,0.296803653
0,695,0.816735361
0,747,7.511
0,766,-1
0,740,0.247972574
1,652,1.045357143
0,575,0.044
0,752,0.2575
0,630,2.060744681
0,765,0.034775743
0,682,0.456000215
0,643,9.76625
1,717,5.091111111
0,733,5.960751061
1,617,1.276129032
1,709,0.1385
0,650,0.459375
1,632,0.580798141
0,655,2.713882353
0,749,0.2518
0,766,2.492312981
0,782,0.353492334
0,608,0.408959673
1,671,1.422920892
1,761,0.815651472
1,637,17.37714286
0,769,7.4355
1,660,0.093647317
0,675,0.433389902
0,745,0.781199375
0,512,1.734540277
0,712,-1
0,782,0.772553191
0,688,0.56625
0,776,0.202049899
0,740,1.048954373
0,773,0.636
0,747,0.5125
1,651,0.133082707
1,700,4.003416475
0,734,0.0997714
0,604,0.154166667
0,631,2.860538332
1,601,0.056953583
0,779,0.099000099
0,716,0.066923077
0,647,0.064829205
0,702,9.156013886
0,650,0.9174
0,660,4.759142857
1,609,0.400864865
0,651,0.046875
1,695,0.758888889
0,676,0.695400278
0,726,6.0664
0,612,0.178
0,689,1.666764706
0,744,0.016628581
0,797,0.44
0,723,1.961997548
0,644,1.413023256
1,648,2.351111111
0,645,0.4876
0,621,0.69380531
0,684,1.402133333
0,680,1.1625
0,636,3.543076923
0,637,0.512
1,619,0.315294118
0,751,0.0208
0,698,6.185696907
0,732,15.191
1,565,2.552573512
0,693,30.536875
0,620,2.553829787
0,776,1.347118922
0,714,0
0,807,0.303692308
0,750,2.852916667
0,676,0.180227273
0,769,0.052325581
0,774,0.540479568
0,702,0.008571419
0,704,1.475384615
0,661,0.438571429
1,526,3.011789474
1,640,1.163971249
0,750,2.232858419
0,617,5.359539869
0,734,1.966477273
1,690,0.041769263
0,603,0.972520048
0,821,0.083961321
1,675,0
1,583,3.1128
0,789,0.180769231
0,659,1.2479
0,625,0.629999031
0,744,0.07020007
1,624,2.284761905
0,735,1.077858683
0,670,1.641119221
0,690,1.9675
0,762,3.091136802
0,666,1.009441615
0,802,0.173234319
0,701,0.982961363
0,628,2.08
0,698,2.386701413
0,649,1.829666135
0,802,0.011907696
0,648,0.0375
0,803,0.8274
0,718,1.904722222
0,685,1.357940378
0,636,0.343414634
0,686,-1
0,608,4.367111111
0,728,1.045454545
1,657,0.796319745
0,724,0.5288
1,606,0.189359849
0,669,0.07125
0,667,5.174123734
1,640,0.516666667
0,757,0.674306655
0,689,0.795
0,621,2.142086957
0,761,0.019354789
0,684,0.3213
0,693,6.851989458
0,632,1.297847152
0,689,6.354933333
0,712,1.605
0,679,6.201946401
0,743,4.306608759
0,781,0
0,659,3.173657982
1,620,1.745669291
0,690,0.527896996
1,720,0.12725
1,756,0.079846154
0,734,2.378333333
0,605,0.055333333
1,572,0.129000129
1,703,0.644769727
0,677,1.888016826
0,724,0.541798916
0,629,0.6792
0,670,0.9156
0,736,0.874
0,626,3.809048622
0,677,0.629
0,701,7.936166667
0,765,0.003906977
1,610,4.442666667
0,687,0.38494687
0,717,1.3765
0,584,3.124526515
1,703,0
0,742,0.220560088
0,591,0.176947653
0,733,1.461818182
1,706,2.566519824
0,702,1.154608696
0,686,5.853
0,766,0.339428765
0,684,10.20431373
0,738,1.722601723
0,732,3.063885267
0,646,8.374333333
1,744,0.5525
1,677,0
1,716,0.025454545
0,728,1.843106342
0,694,3.852002201
0,772,3.772055867
0,703,1.107
0,691,0
0,730,0
0,682,3.603960396
0,779,0.196072727
0,616,0.462000402
1,674,0.595527467
0,629,3.398
0,708,0
1,697,2.961866667
0,701,2.99715474
0,612,0.016199968
0,666,2.269379546
1,622,0.0246875
0,654,1.982987552
0,778,0.467307692
0,735,2.94
1,640,3.285555556
0,698,6.31300813
0,675,0.002820513
0,777,0.64125
0,723,0.003501946
1,614,2.259358193
0,712,4.014782609
0,752,0.441061585
0,780,0.469066667
0,710,3.702766329
0,679,0.1216
0,720,0.112623762
0,779,0.576000536
0,703,2.912608696
0,778,5.633070866
0,563,1.26062713
0,708,2.975
0,823,0.6694
0,775,0.555384615
0,655,3.402803619
0,769,0.391730619
0,759,0
0,688,2.939444444
1,640,0.591428571
0,815,0.113792946
0,706,2.263333333
1,617,0.059285714
0,683,-1
0,712,0.027205882
0,708,0.68138157
0,680,0
0,588,0.383529412
0,760,0.15117801
0,672,0.027272777
1,671,0.136290086
0,703,0.127238095
0,664,3.345166667
0,604,0.136521739
0,791,0.3942
0,716,0.861818182
0,737,0.456862745
0,732,2.483520993
0,700,0.116597264
0,623,0.062210461
1,704,1.317391304
0,691,21.8915
0,690,5.111522421
0,795,0.037003631
0,664,0
0,723,1.152702703
0,700,0.60813275
0,788,0.085278276
1,615,0.400699441
0,745,2.0252
0,753,1.130784907
1,638,0.682073544
1,707,4.148333333
0,746,0
0,766,0.95575
0,696,8.520732918
0,675,0.197105263
0,713,11.77182285
0,746,0.001571429
0,643,3.411025641
1,603,0.225939505
0,720,0.4432
0,748,0
0,726,4.838468573
1,692,5.406449739
0,770,0.308
1,772,1.394736842
0,664,2.173833861
0,737,0.127
0,753,0.634970703
0,808,0.227581448
0,679,12.04663359
0,730,0.5
0,729,1.975681818
0,660,0.01616
0,787,0.040320065
0,683,17.90514286
0,707,0.6782
0,754,2.239733333
0,728,1.043825225
1,634,1.298640208
0,589,4.403893805
0,736,0.4932
1,705,0.2815
0,638,0.901360729
0,728,5.24030303
0,690,1.03164557
0,678,0.498864668
1,615,0.836662117
0,746,2.10573913
0,649,2.363953519
0,700,0.734636364
0,738,1.299405941
0,725,0.184242424
0,681,1.804530508
0,629,0.577
0,782,0.178080285
0,789,0.408527652
0,677,0.319814251
0,732,0.207866667
0,746,3.4375
0,783,0.645238095
0,709,2.339090909
0,682,2.634814815
0,771,0.292857143
0,759,0.114599285
0,782,0.2392
0,675,1.273913043
1,668,0.184799908
0,683,1.983544304
0,742,1.011233125
0,816,3.642819519
0,758,0.215
0,717,4.1625
0,798,0.222176558
0,678,1.62018631
0,709,7.33842183
0,628,0.702857143
0,679,7.816521739
0,815,0.27475
0,710,0.133285733
0,817,1.202333333
1,669,1.818879663
0,645,1.859518512
0,758,0.576857143
0,668,0.223077452
0,663,1.913140671
0,606,1.884949353
0,708,0.268338544
0,720,0
1,622,0
0,759,0.253043038
1,617,4.452727273
0,686,0.25577812
1,644,0.391875
1,681,0.144615385
0,656,8.034591012
0,745,1.01125
0,784,0.203853211
0,665,1.56037305
0,791,0
0,686,5.491820988
0,734,1.479769737
1,567,0.981075467
1,609,1.795678563
0,702,1.887855794
1,683,8.970714286
0,720,0.631679874
0,728,0.678000678
0,680,2.028606061
0,627,0.520061218
0,645,0.492931034
1,628,4.167798248
0,644,1.183679053
0,654,0
0,741,0.442319646
1,643,0.84625
0,673,2.004333333
0,761,0.056666667
0,664,-1
0,759,0.548190045
0,774,0.138461538
0,675,6.732586535
0,719,0.306666667
0,623,2.087996369
0,680,0.276705231
0,726,0
1,554,0.1456417
0,523,0.167381974
1,663,0
0,681,0.221232035
0,763,0.090156545
0,750,4.80375
0,744,10.90067669
0,644,0.9506465
0,664,0.064195584
0,617,1.696086957
0,716,8.6928
0,762,0.173454672
0,709,2.894
0,655,0.626
0,717,1.71625
0,660,10.73066667
0,739,1.764
0,710,7.791824621
0,681,0.183043478
0,740,6.080395136
0,707,0
1,746,3.613214286
1,628,0.794181439
1,666,3.409745455
0,658,3.738214286
1,699,0.424946237
0,675,0.914139693
1,616,0
0,709,2.868806162
0,701,0.20382141
0,647,2.234
1,642,13.268
0,653,0.705066242
0,719,0.64908026
0,634,-1
0,780,0.533333333
0,704,3.781212397
0,670,0.0756
0,728,0
1,645,1.066135458
0,759,3.16063349
0,774,0.536166667
0,726,1.321485836
0,749,0.43425
0,721,0.208648649
0,600,1.179
0,724,0.424714164
0,688,1.651057852
0,624,0.453846154
0,766,1.326478939
0,772,0.3225
0,719,0.108181818
0,705,1.7415625
1,763,-1
0,718,7.531007752
0,829,0.072262994
0,673,1.59667804
0,692,15.67357143
0,658,0.12572385
0,734,-1
0,784,0.232735527
0,714,3.772
1,705,0.353333333
0,727,0.390147783
0,639,2.171851235
0,706,2.114218428
1,646,0.505116279
0,713,1.730743846
0,704,0.318833333
0,653,0.202691057
0,724,0.506100506
0,711,2.16761205
0,759,0.458095238
0,627,4.39232
0,682,0.659265844
0,676,0.312888889
0,762,0.075641026
0,687,0.484297929
0,666,1.287317073
0,809,0.103800104
1,648,0.1232
0,753,0.0392
0,793,0.078360031
0,694,1.117272727
0,776,0
0,687,4.674
0,770,0.676
0,750,0.003512195
1,601,0.839852941
0,683,0.148315737
0,718,0.389434109
0,633,4.196256039
0,801,0.496
1,605,2.150051387
0,653,0.234634146
0,659,0.401937819
0,763,3.247714286
0,734,0.165892502
0,677,0.119860493
0,704,0.576801359
0,601,1.228
0,782,0
0,713,2.041761644
0,764,0.210714286
0,770,0.147876832
0,686,2.125
0,821,0.2325
1,733,0.452692308
0,650,0
0,690,0.300933333
1,739,1.211701212
1,594,0.356
1,646,0.263131313
0,649,0.821391304
0,695,4.977391304
0,701,1.107652559
0,745,0.70079302
0,803,0.137990014
0,648,2.015727003
1,603,0.910483542
0,623,0.537572254
1,629,0.865315543
0,649,2.06029016
0,674,0.981598037
0,775,0.0074
0,764,0.243666667
1,650,1.686666667
0,742,0.290507636
0,676,0.242391304
0,770,2.6796875
0,700,1.500608355
0,737,1.04
0,660,0.266470588
0,561,3.795831053
0,702,0.258241758
0,623,1.929123087
0,670,2.260240964
0,732,2.881097112
0,697,1.14244186
1,732,0.586080234
0,644,0.280176991
1,637,0.0432
0,728,0.177959184
0,732,6.036158192
1,683,0.042162162
0,700,21.675
1,635,4.809230769
0,678,3.734918919
0,671,0.264293715
0,763,1.164314564
0,640,11.18412303
0,600,1.356956522
0,758,0.539279279
0,725,0.017519996
0,749,0.997613429
0,677,0.036252731
0,652,1.156875
0,785,0.165215947
0,645,1.319368838
0,654,1.058855292
0,659,0.024
0,690,1.500000857
0,777,0.96441777
0,708,0.482564103
0,683,2.31
0,754,1.59187301
1,733,0.961333333
0,733,5.304477612
0,773,0.542686856
0,758,1.285648148
0,764,0.269056604
0,700,0.714651163
0,720,3.9408
0,795,0.138688616
1,623,5.384516129
1,674,0.027
0,579,0.161210762
0,648,0.350118059
1,637,2.523428571
0,685,0.7496
1,738,5.260789478
0,766,0.43773913
1,604,0.17
1,652,2.484965671
1,591,0.104666667
0,709,1.291927649
0,809,0
1,667,0.040397763
0,609,1.262909091
0,697,5.82816
0,641,2.663436123
0,790,0.026553203
0,637,1.760223698
1,599,0.922627517
0,730,0.1144
0,719,3.928181818
1,757,0.184
0,742,4.890639364
0,673,3.272199112
0,655,2.57849234
0,741,1.395185185
0,675,3.415625
0,768,0.272413793
1,739,3.356366647
0,701,0.207015306
0,696,0
0,675,3.61887418
0,737,1.346640539
0,671,1.099548506
0,715,0
0,778,0.033811071
1,655,3.99616
0,712,0.814439845
0,676,0.618615752
1,675,2.1456
0,782,0.116142774
0,665,0.714285714
0,779,1.504927536
0,690,0.598333333
0,704,2.651111111
0,668,0.006413798
1,712,1.088448222
0,664,2.788837209
0,677,2.5392
1,723,0.195212082
1,631,1.836875
0,762,1.812919167
0,706,0.727333333
1,521,0.753121205
0,755,5.7495
1,651,1.367692308
1,720,0.0328
1,637,0.028111111
0,719,0.529097965
0,708,0.187874765
0,751,3.056248472
0,582,15.756
0,645,0.839646565
1,525,5.58
0,575,0.249310345
0,717,0.882162431
0,793,0.559428571
1,690,6.090625
1,772,0.195138341
0,742,0.49971831
0,704,0.830880332
0,791,0.005159999
0,665,0.768363636
0,618,4.028827586
0,768,5.928
1,705,2.547371816
0,693,0.081908439
0,672,2.4435
1,539,4.114668433
0,727,0.977777778
0,782,0.341
0,734,1.76478069
0,652,0.563035496
0,635,1.262551785
1,682,3.2726
0,630,0.104558681
1,716,3.482583454
0,736,3.472941176
1,726,1.9197408
1,612,1.137771796
0,756,11.09045455
1,682,0.42775
1,701,0.02675
0,708,1.65175
0,742,1.406
1,699,0
0,607,0.279558536
0,801,0.069777778
0,701,1.108333333
0,705,0.056
0,785,-1
1,725,2.0665
0,649,0.973454545
1,696,1.199189189
0,782,0.258600065
0,650,-1
0,681,0.35862069
0,781,0.003043478
0,777,0.31024
0,658,1.125655172
0,754,4.928181818
0,739,2.4552
1,591,1.1946875
0,633,0.193200059
0,744,0
0,705,0.8476
0,731,0.004970426
1,713,0.096902698
0,804,0.121419355
0,720,0.807086172
0,749,3.036100196
0,790,0.076495726
0,678,2.855044568
0,612,1.1604
1,624,0.378725441
0,824,0.584913617
0,666,0.994884646
1,705,0.93599883
0,666,1.5088
0,703,1.616753702
0,779,1.314131413
0,745,1.065086323
0,784,0.027777778
1,660,1.095964677
